시군명,사업장명,영업상태,인허가일자,도로명주소,지번주소,우편번호,전화번호,WGS84위도,WGS84경도,인허가취소일자,폐업일자,휴업시작일자,휴업종료일자,재개업일자,소재지면적,업태구분명,X좌표값,Y좌표값,환경업무구분명,업종구분명,종별명,주생산품명,배출시설조업시간,배출시설연간가동일수,방지시설조업시간,방지시설연간가동일수
고양시,(주)동진씨앤지,폐업,20190215,"경기도 고양시 일산동구 중앙로 1048, 일산르메이에르프라자 614호 (백석동)",경기도 고양시 일산동구 백석동 1297-2번지 일산르메이에르프라자 ,10447,907-2982,37.6435752857,126.7878172857,,20190910,,,,,환경컨설팅 및 관련 엔지니어링 서비스업,181208.405917248    ,460164.302426648    ,분뇨등관련영업관리,환경컨설팅 및 관련 엔지니어링 서비스업,,,,,,
고양시,(주)새롬환경기술,영업,20031021,"경기도 고양시 일산동구 일산로 138 (백석동, 일산테크노타운)",경기도 고양시 일산동구 백석동 1141-1번지,10442,031-938-0641,37.6501560,126.7949031,,,,,,,,181835.358338529,460894.742344229,분뇨등관련영업관리,,,,,,,
고양시,(주)새롬환경기술,영업,20031021,"경기도 고양시 일산동구 일산로 138 (백석동, 507호 일산테크노타운제부대동)",경기도 고양시 일산동구 백석동 1141-1번지,10442,0319380641,37.6501560,126.7949031,,,,,,,분뇨 처리업,181835.358338529,460894.742344229,분뇨등관련영업관리,분뇨 처리업,,,,,,
과천시,(주)삼안,영업,20180226,경기도 과천시 별양상가3로 5 (별양동),경기도 과천시 별양동 1-20번지 ,13837,0234242887,37.4265786,126.9910871,,,,,,,,199145.725          ,436058.45           ,분뇨등관련영업관리,,,,,,,
구리시,(주)경호엔지니어링종합건축사사무소,영업,20160616,,,,0315605508,,,,,,,,,"건축기술, 엔지니어링 및 관련기술 서비스업",212327.755719687    ,454348.552511401    ,분뇨등관련영업관리,"건축기술, 엔지니어링 및 관련기술 서비스업",,,,0,,0
남양주시,(주)가나엔텍,영업,20150601,,,,575-9204,,,,,,,,,,214239.55568005     ,465025.497706455    ,분뇨등관련영업관리,,,,,0,,0
남양주시,(주)지이에스,폐업,20190722,경기도 남양주시 진접읍 금강로1845번길 126,경기도 남양주시 진접읍 팔야리 422-20 ,12018,031-532-9392,37.7556767021,127.2173278449,,20210527,,,,,,219090.953149619    ,472609.036798371    ,분뇨등관련영업관리,,,,,,,
남양주시,㈜바이오워터,폐업,20171129,"경기도 남양주시 퇴계원면 퇴계원로 123, 3층",경기도 남양주시 퇴계원면 퇴계원리 56-16번지 ,12120,031-575-0531,37.6571386923,127.1437573206,,20190919,,,,,전문직별 공사업,212621.922635592    ,461657.290730393    ,분뇨등관련영업관리,전문직별 공사업,,,,,,
부천시,(주)나노환경,영업,20070911,경기도 부천시 상오정로 84  (오정동),경기도 부천시 오정동 617번지,14440,0326790241,37.5230067,126.7930733,,,,,,,분뇨 및 축산폐기물 처리업,181643.789713064,446782.444004227,분뇨등관련영업관리,분뇨 및 축산폐기물 처리업,,,,,,
부천시,(주)세신청정,폐업,20050129,경기도 부천시 조마루로285번길 34 (중동),경기도 부천시 중동 1129번지 이스트타워 8층,14580,323-4785,37.4989267,126.7754427,,20061208,20050615,20051215,,,,180077.588768644,444114.149616643,분뇨등관련영업관리,,,,,,,
부천시,(주)우성그린텍,폐업,20070127,"경기도 부천시 중동로248번길 38 A동 209호 (중동,메트로팰리스2차)",경기도 부천시 중동 1145번지 메트로팰리스 2차 A동 209호,14548,3262473,37.5012061,126.7707765,,20120514,,,,,,179664.656828867,444368.130933163,분뇨등관련영업관리,,,,,,,
부천시,(주)우성그린텍,폐업,20070126,경기도 부천시 소향로 239  (중동),경기도 부천시 중동 1135번지,14548,,37.5007625,126.7742949,,20120514,,,,,,179976.743393036,444315.804134325,분뇨등관련영업관리,,,,,,,
부천시,(주)테크로스환경서비스,영업,20030617,경기도 부천시 도약로 261 (도당동),경기도 부천시 도당동 187-7 부천대우테크노파크 B동 1105호,14523,032-680-0500,37.5110690880,126.7782563432,,,,,,,,180347.279949304    ,445488.95615221     ,분뇨등관련영업관리,,,,,,,
부천시,(주)하이엔텍,영업,20161031,경기도 부천시 도약로 261 (도당동),경기도 부천시 도당동 187-7번지 부천테크노파크 B동 1105호,14523,680-0500,37.5113391,126.7784702,,,,,,,,180347.279949304,445488.95615221,분뇨등관련영업관리,,,,,,,
부천시,청호나이스(주),영업,20200616,"경기도 부천시 옥산로 ***, 석산빌딩 *층 (도당동)",경기도 부천시 도당동 ** 석산빌딩 ,,0327287325,,,,,,,,,"하수, 폐수 및 분뇨 처리업",180469.112860032    ,446035.2247399      ,분뇨등관련영업관리,"하수, 폐수 및 분뇨 처리업",,,,0,,0
성남시,(주)리보종합건설,폐업,20100824,"경기도 성남시 분당구 황새울로 224, 817호 (수내동,청구블루빌)",경기도 성남시 분당구 수내동 11-1번지 청구블루빌 817호,13595,786-0405,37.3788645412,127.1130780795,,20200301,,,,,"하수처리, 폐기물처리 및 청소관련 서비스업",209950.624298695    ,430768.686520908    ,분뇨등관련영업관리,"하수처리, 폐기물처리 및 청소관련 서비스업",,,,,,
성남시,(주)모리트워터에너지,폐업,20180524,"경기도 성남시 중원구 둔촌대로 464, 드림테크노 705호 (상대원동)",경기도 성남시 중원구 상대원동 513-22번지 드림테크노,13229,02-453-6405,37.4315272,127.1681788,,20181005,,,,,,214818.670686517,436622.271781176,분뇨등관련영업관리,,,,,,,
성남시,(주)에코비트워터,영업,20220708,,,,0269018358,,,,,,,,,토목 건설업,,,분뇨등관련영업관리,토목 건설업,,,,0,,0
성남시,(주)티에스케이워터,폐업,20131210,"경기도 성남시 분당구 판교역로 231 (삼평동, 에이치스퀘어 에스동 1001호)",경기도 성남시 분당구 삼평동 680번지 에이치스퀘어 에스동 1001호 ,13494,0269018358,37.4013668,127.1086047,,20190430,,,,,,209549.874547889    ,433248.085400252    ,분뇨등관련영업관리,,,,,,,
성남시,(주)티에스케이코퍼레이션,폐업,20181023,"경기도 성남시 분당구 판교역로 231, 에이치스퀘어 에스동 s동 10층 1001호 (삼평동)",경기도 성남시 분당구 삼평동 680번지 에이치스퀘어 에스동 ,13494,02-6901-8200,37.4013668353,127.1086047277,,20190514,,,,,,209549.874547889    ,433248.085400252    ,분뇨등관련영업관리,,,,,,,
성남시,(주)티에스케이코퍼레이션,폐업,20181023,"경기도 성남시 분당구 판교역로 231, 에이치스퀘어 에스동 s동 10층 1001호 (삼평동)",경기도 성남시 분당구 삼평동 680번지 에이치스퀘어 에스동 ,13494,02-6901-8200,37.4013668,127.1086047,,20190514,,,,,,209549.874547889    ,433248.085400252    ,분뇨등관련영업관리,,,,,,,
성남시,(주)파오,폐업,20100830,"경기도 성남시 분당구 동원북로 5  (동원동,2층)",경기도 성남시 분당구 동원동 57-8번지 2층,13547,0317115620,37.3462855,127.1009886,,20131022,,,,,축산 관련 서비스업,208882.205951474,427151.006155806,분뇨등관련영업관리,축산 관련 서비스업,,,,,,
성남시,(주)한국종합기술,폐업,20210907,,,,02-2049-5114,,,,20220615,,,,,분뇨 및 축산분뇨 처리업,214216.296234676    ,439074.691838595    ,분뇨등관련영업관리,분뇨 및 축산분뇨 처리업,,,,0,,0
성남시,㈜파이닉스알엔디,영업,20071106,,,,031-726-0780,,,,,,,,,,210014.16           ,430569.655          ,분뇨등관련영업관리,,,,,0,,0
성남시,벽산엔지니어링(주),영업,20140121,경기도 성남시 분당구 벌말로**번길 ** (야탑동),경기도 성남시 분당구 야탑동 ***-* ,,02-767-5463,,,,,,,,,"하수, 폐수 및 분뇨 처리업",212608.265238111    ,434433.262207739    ,분뇨등관련영업관리,"하수, 폐수 및 분뇨 처리업",,,,0,,0
성남시,수자원기술주식회사,영업,20131021,,,,031-724-5322,,,,,,,,,종합 건설업,212060              ,440395              ,분뇨등관련영업관리,종합 건설업,,,,0,,0
성남시,한솔제지㈜,영업,20161117,,,,031-778-5415,,,,,,,,,,208618.540926084    ,433542.959524642    ,분뇨등관련영업관리,,,,,0,,0
성남시,한송엔지니어링(주),폐업,20160429,경기도 성남시 분당구 내정로129번길 26 (정자동),경기도 성남시 분당구 정자동 46-1번지,13609,0342717 6444,37.3731149,127.1142663,,20170124,,,,,,210055.748247185,430132.337346064,분뇨등관련영업관리,,,,,,,
수원시,(주)에코바이론,휴업,20140508,경기도 수원시 장안구 연무로 * (연무동),경기도 수원시 장안구 연무동 ***-** ,,031-241-9450,,,,,20160601,,,,,202534.013526318    ,421163.522532245    ,분뇨등관련영업관리,,,,,0,,0
수원시,BK환경종합건설,폐업,20150102,경기도 수원시 장안구 정조로 **** (송죽동),경기도 수원시 장안구 송죽동 ***-** ,,031-241-1775,,,,20160629,,,,,,200079.808392315    ,422374.424456077    ,분뇨등관련영업관리,,,,,0,,0
수원시,이에스아이 주식회사,영업,20211119,경기도 수원시 권선구 권광로 ** (권선동),경기도 수원시 권선구 권선동 ****-* ,,224-4127,,,,,,,,,종합 건설업,202507.288585223    ,416872.080921272    ,분뇨등관련영업관리,종합 건설업,,,,0,,0
수원시,이에스아이 주식회사,영업,20211119,,,,224-4127,,,,,,,,,종합 건설업,202507.288585223    ,416872.080921272    ,분뇨등관련영업관리,종합 건설업,,,,0,,0
시흥시,(주)에코비트,폐업,20190502,,,,0269018200,,,,20220726,,,,,,176326.365355399    ,425463.57662942     ,분뇨등관련영업관리,,,,,0,,0
시흥시,(주)에코비트워터,폐업,20190426,,,,0269018358,,,,20220726,,,,,,176326.365355399    ,425463.57662942     ,분뇨등관련영업관리,,,,,0,,0
안산시,(주)그린니스,폐업,20140120,경기도 안산시 단원구 해봉로 45 (성곡동),경기도 안산시 단원구 성곡동 621-2번지,15607,031-487-8633,37.3073118,126.7584471,,20171206,,,,,,178519.214720062,422851.248222362,분뇨등관련영업관리,,,,,,,
안산시,(주)에스텍코리아,폐업,20111219,"경기도 안산시 단원구 광덕대로 187, 206호 (고잔동, 장은타워)",경기도 안산시 단원구 고잔동 706-3번지 장은타워 206호,15461,,37.3133116,126.8292708,,20120828,,,,,,184799.156746134,423500.780771631,분뇨등관련영업관리,,,,,,,
안성시,(주)레인솔루션,폐업,20150207,경기도 안성시 원곡면 지문로 504,경기도 안성시 원곡면 성은리 335-4번지,17554,0316587821,37.0721510,127.1549362,,20161123,,,,,액체 여과기 제조업,213711.150442651,396733.838901503,분뇨등관련영업관리,액체 여과기 제조업,,,,,,
안성시,주식회사 가야환경,영업,20060705,경기도 안성시 장기로 140 (봉산동),경기도 안성시 봉산동 65-1   번지,17594,,37.0043583,127.2782395,,,,,,,,,,분뇨등관련영업관리,,,,,,,
안성시,주식회사 바이오립스,폐업,20130201,"경기도 안성시 보개원삼로 165-17, 1층 (가사동)",경기도 안성시 가사동 15번지,17585,031-8050-2205,37.0179087,127.2865700,,20160309,,,,,,225434.458221784,390740.374601402,분뇨등관련영업관리,,,,,,,
안양시,(주)건화,영업,20210513,"경기도 안양시 동안구 흥안대로***번길 **, 인덕원성지스타위드 (관양동)",경기도 안양시 동안구 관양동 ***-* 인덕원성지스타위드 ,,0313407500,,,,,,,,,종합 건설업,197480.830605561    ,432318.20341779     ,분뇨등관련영업관리,종합 건설업,,,,0,,0
안양시,(주)이산,영업,20131115,경기도 안양시 동안구 부림로 121 (관양동),경기도 안양시 동안구 관양동 1608-4번지 동아프라자 7층 ,14066,031-389-0114,37.3940555991,126.9644184604,,,,,,,,196784.059244886    ,432448.726631302    ,분뇨등관련영업관리,,,,,,,
안양시,(주)환경에너지오앤엠,폐업,20160919,"경기도 안양시 동안구 관평로69번길 29-7, 지층 1호 (평촌동)",경기도 안양시 동안구 평촌동 928-17번지 지층 1호,14103,031-382-8955,37.3828377,126.9636676,,20190626,,,,,,196718              ,431209              ,분뇨등관련영업관리,,,,,,,
안양시,에코이앤오(주),폐업,20150625,"경기도 안양시 동안구 시민대로 401, 1010호 (관양동, 대륭테크노타운15차)",경기도 안양시 동안구 관양동 224-5번지,14057,031-8040-2942,37.3970227,126.9746148,,20161111,,,,,,197692.013195996,432777.290386193,분뇨등관련영업관리,,,,,,,
안양시,에코이앤오(주),폐업,20150624,"경기도 안양시 동안구 시민대로 401, 1010호 (관양동, 대륭테크노타운15차)",경기도 안양시 동안구 관양동 224-5번지 대륭테크노타운15차,14057,031-8040-2942,37.3970227,126.9746148,,20161111,,,,,,197692.013195996,432777.290386193,분뇨등관련영업관리,,,,,,,
안양시,환경시설관리주식회사,영업,20160919,"경기도 안양시 만안구 일직로 **, *층 (석수동)",경기도 안양시 만안구 석수동 *** *층 ,,031-8091-2053,,,,,,,,,"하수, 폐수 및 분뇨 처리업",190294.347420973    ,435320.130513813    ,분뇨등관련영업관리,"하수, 폐수 및 분뇨 처리업",,,,0,,0
양주시,㈜바이오워터,영업,20210302,"경기도 양주시 부흥로 2148, 3층 2,3,4호 (삼숭동)",경기도 양주시 삼숭동 555-7 ,11485,,37.8064712023,127.0928442827,,,,,,,환경컨설팅 및 관련 엔지니어링 서비스업,208106.71172484     ,478221.149414111    ,분뇨등관련영업관리,환경컨설팅 및 관련 엔지니어링 서비스업,,,,,,
양주시,더죤환경기술(주),영업,20150908,경기도 양주시 덕정12길 38 (덕정동),경기도 양주시 덕정동 149-1번지,11450,031-851-0207,37.8426137,127.0652078,,,,,,,,205674.316056503,482237.727296796,분뇨등관련영업관리,,,,,,,
양주시,태일환경관리(주),영업,20141211,,,,0318442101,,,,,,,,,종합 건설업,202836.846860854    ,475835.683676285    ,분뇨등관련영업관리,종합 건설업,,,,0,,0
양평군,(주)매튜,폐업,20060901,경기도 양평군 강상면 강남로 689 (병산리),경기도 양평군 강상면 병산리 1056-6번지,12571,0317744474,37.4971375,127.4570134,,20081224,,,,,,240347.835062442,443985.536412925,분뇨등관련영업관리,,,,,,,
양평군,(주)매튜,폐업,20100820,경기도 양평군 강상면 강남로 689 (병산리),경기도 양평군 강상면 병산리 1056-6번지,12571,0317744474,37.4971375,127.4570134,,20111108,,,,,,240347.835062442,443985.536412925,분뇨등관련영업관리,,,,,,,
양평군,(주)미래환경건설,폐업,20041101,경기도 양평군 양평읍 중앙로 86 (공흥리),경기도 양평군 양평읍 공흥리 755-6번지,12558,0317718410,37.4939720,127.4981433,,20081209,,,,,,243986.841042303,443654.03845121,분뇨등관련영업관리,,,,,,,
양평군,(주)에코베이스,폐업,20030415,,경기도 양평군 용문면 다문리 647번지 심미아파트상가 201호,12515,031 7753666,37.4882771,127.5924957,,20081224,,,,,,252335.659722563,443071.400975693,분뇨등관련영업관리,,,,,,,
양평군,(주)영진환경토건,폐업,20001215,경기도 양평군 양평읍 시민로56번길 3-1 2층 (양근리),경기도 양평군 양평읍 양근리 192-72번지 2층,12561,031774 4464,37.4903870,127.4979274,,20081222,,,,,,243971.165,443257.445,분뇨등관련영업관리,,,,,,,
양평군,(주)한강종합환경,폐업,20010917,,경기도 양평군 양평읍 공흥리 340-1번지,12559,0317714500,37.4915492,127.5064722,,20081204,,,,,,244726.452610433,443390.122160323,분뇨등관련영업관리,,,,,,,
양평군,양평공사,영업,20121129,경기도 양평군 양평읍 경강로 ****,경기도 양평군 양평읍 대흥리 ***-** ,,031-774-0972,,,,,,,,,,247934.608032152    ,442937.12567563     ,분뇨등관련영업관리,,,,,0,,0
양평군,우리종합환경,폐업,20041120,경기도 양평군 양평읍 시민로 149 (공흥리),경기도 양평군 양평읍 공흥리 369-1번지,12559,0317751532,37.4903613,127.5082508,,20081231,,,,,,244884.343018596,443258.582269254,분뇨등관련영업관리,,,,,,,
양평군,유림엔마텍(주),폐업,19991011,경기도 양평군 옥천면 고읍로 10,경기도 양평군 옥천면 아신리 387-3번지,12508,0317724532,37.5116345,127.4475100,,20121025,,,,,,239499.714693862,445590.981208857,분뇨등관련영업관리,,,,,,,
양평군,청토종합환경,폐업,20020719,경기도 양평군 양평읍 양근로 76 (양근리),경기도 양평군 양평읍 양근리 501-3번지,12546,0317731303,37.4970493,127.4816423,,20081229,,,,,,242527.806180111,443988.866408617,분뇨등관련영업관리,,,,,,,
여주시,(주)환경에너지오앤엠,폐업,20160803,경기도 여주시 농산로 91 (상거동),경기도 여주시 상거동 123번지,12653,,37.2515317,127.6375236,,20170728,,,,,,256588.02573000000,417164.20739300000,분뇨등관련영업관리,,,,,,,
여주시,유진환경건설(주),영업,20010212,"경기도 여주시 영릉로 72, B동 2층 (창동)",경기도 여주시 창동 228번지 ,12626,031 886 1122,37.2930546650,127.6299667373,,,,,,,,262437.375953515    ,418808.500883272    ,분뇨등관련영업관리,,,,,,,
연천군,(주)일주종합건설,영업,20150907,,,,0315723214,,,,,,,,,,206372.144437159    ,501941.807904491    ,분뇨등관련영업관리,,,,,0,,0
오산시,(주)에코리프로덕션서비스,폐업,20100730,경기도 오산시 동부대로568번길 57 (부산동),경기도 오산시 부산동 420-1 ,18148,0313749602,37.1522113504,127.0862210111,,20180108,,,,,,207580.617933196    ,405606.589393237    ,분뇨등관련영업관리,,,,,,,
오산시,(주)에코리프로덕션서비스,영업,20100804,경기도 오산시 동부대로568번길 57 (부산동),경기도 오산시 부산동 420-1번지,18148,0313749602,37.1525840,127.0862727,,,,,,,,207580.617933196,405606.589393237,분뇨등관련영업관리,,,,,,,
오산시,주식회사 바이오립스,폐업,20101213,경기도 오산시 밀머리로 42 (원동),경기도 오산시 원동 379-1번지,18144,03180502205,37.1379770,127.0740904,,20121226,,,,,비료 및 농약 도매업,206516.375880394,404029.965696398,분뇨등관련영업관리,비료 및 농약 도매업,,,,,,
용인시,(주)대신환경기술,영업,20150122,"경기도 용인시 기흥구 동백중앙로16번길 16-4, 에이스 동백 타워 1동 1809호 (중동)",경기도 용인시 기흥구 중동 1033 에이스 동백 타워 1동 1809호,17015,0318982937,37.2563658009,127.1651202242,,,,,,,,214576.223500933    ,417184.705772188    ,분뇨등관련영업관리,,,,,,,
용인시,(주)레인솔루션,폐업,20140825,"경기도 용인시 처인구 경안천로 40-1, 202호 (마평동)",경기도 용인시 처인구 마평동 721-7번지,17153,031-321-1171,37.2366066,127.2104630,,20170220,,,,,,218610.530109332,414996.141228077,분뇨등관련영업관리,,,,,,,
용인시,(주)에코멤브레인,폐업,20130610,"경기도 용인시 처인구 이동읍 이원로 12, 402호",경기도 용인시 처인구 이동읍 130-7번지 ,17128,031-336-0053,37.1897756,127.2076769,,20190116,,,,,,218374.184856       ,409796.622691       ,분뇨등관련영업관리,,,,,,,
용인시,(주)에코멤브레인,폐업,20130304,"경기도 용인시 처인구 이동읍 이원로 12, 402호",경기도 용인시 처인구 이동읍 130-7번지 ,17128,031-336-0053,37.1897756,127.2076769,,20190116,,,,,,218374.184856       ,409796.622691       ,분뇨등관련영업관리,,,,,,,
용인시,농업회사법인 주식회사 팜엔코,영업,20191014,,,,031-548-1255,,,,,,,,,,211029.662690968    ,418883.776567485    ,분뇨등관련영업관리,,,,,0,,0
용인시,정하엔텍(주),영업,20200416,"경기도 용인시 기흥구 흥덕1로 43, 영덕레스피아 (영덕동)",경기도 용인시 기흥구 영덕동 1003 ,16954,0312110877,37.2722274330,127.0669318117,,,,,,,하수 처리업,205913.463479426    ,418913.22215862     ,분뇨등관련영업관리,하수 처리업,,,,,,
용인시,주흥환경(주),폐업,20140219,"경기도 용인시 수지구 대지로 58, 204,307호 (죽전동)",경기도 용인시 수지구 죽전동 1254-4번지 204호 307호 ,16873,031-257-7676,37.3285947,127.1153853,,20190107,,,,,,210184.959192621    ,425201.416614652    ,분뇨등관련영업관리,,,,,,,
의정부시,(주)석산환경산업,폐업,20000105,,경기도 의정부시 의정부동 591-4번지,11655,,37.7327071,127.0445487,,20080326,,,,,,,,분뇨등관련영업관리,,,,,,,
의정부시,(주)선일이엔씨,폐업,20070302,경기도 의정부시 신흥로 278  (의정부동),경기도 의정부시 의정부동 434-15번지,11670,,37.7407891,127.0433166,,20140123,,,,,,203753.831931879,470933.134735754,분뇨등관련영업관리,,,,,,,
의정부시,(주)선일이엔씨,폐업,20070302,"경기도 의정부시 신흥로 278  (의정부동,동보빌딩 3층)",경기도 의정부시 의정부동 434-15번지 동보빌딩 3층,11670,,37.7407891,127.0433166,,20140123,,,,,,203753.831931879,470933.134735754,분뇨등관련영업관리,,,,,,,
의정부시,(주)청담이엠텍,폐업,20060824,"경기도 의정부시 흥선로 102  (가능동,영일빌딩2층)",경기도 의정부시 가능동 746-33번지 영일빌딩2층,11672,,37.7422053,127.0380417,,20080325,,,,,,203288.819489338,471090.743122577,분뇨등관련영업관리,,,,,,,
의정부시,(주)플러스환경시스템,폐업,20040921,"경기도 의정부시 의정로 16  (의정부동,오성빌딩 5층)",경기도 의정부시 의정부동 533-6번지 오성빌딩 5층,11625,,37.7340975,127.0353493,,20110315,,,,,,203051.852431696,470191.060692901,분뇨등관련영업관리,,,,,,,
의정부시,구기이엔씨(주),폐업,20010103,"경기도 의정부시 망월로 18-26,  307호 (호원동,경기북부벤처센타)",경기도 의정부시 호원동 119-151번지 경기북부벤처센타 307호,11644,,37.7087416,127.0445693,,20111219,,,,,,203865.757150567,467377.033043907,분뇨등관련영업관리,,,,,,,
의정부시,대원환경,폐업,20050613,,경기도 의정부시 신곡동 684번지,11742,,37.7419004,127.0578168,,20080331,,,,,,205032.042187131,471059.084533915,분뇨등관련영업관리,,,,,,,
의정부시,서울정화조,영업,20020628,경기도 의정부시 평화로 598  (의정부동),경기도 의정부시 의정부동 227-48번지 ,11690,,37.7452929,127.0461783,,,,,,,,204006.882098143    ,471433.550480876    ,분뇨등관련영업관리,,,,,,,
의정부시,서울종합환경,폐업,19991208,경기도 의정부시 가능로68번길 20-1  (가능동),경기도 의정부시 가능동 726-14번지,11662,,37.7457640,127.0382703,,20090601,,,,,,203307.359673083,471485.516044235,분뇨등관련영업관리,,,,,,,
이천시,(주)도드람환경연구소,영업,20121019,경기도 이천시 신둔면 석동로161번길 97,경기도 이천시 신둔면 지석리 28-13번지,17301,031-631-0431,37.3304563,127.4319298,,,,,,,,238235.409447298,425455.265198692,분뇨등관련영업관리,,,,,,,
이천시,(주)순정에너지 환경,폐업,20180928,"경기도 이천시 증신로 273, 3층 301호 (송정동)",경기도 이천시 송정동 346-32 ,17344,031-633-3636,37.2951069968,127.4406641514,,20210318,,,,,환경컨설팅 및 관련 엔지니어링 서비스업,238993.473141913    ,421554.791053897    ,분뇨등관련영업관리,환경컨설팅 및 관련 엔지니어링 서비스업,,,,,,
이천시,(주)인스그린,영업,20140305,,,,,,,,,,,,,,238676.322147594    ,419739.054570095    ,분뇨등관련영업관리,,,,,0,,0
이천시,(주)지수테크,영업,20070315,,경기도 이천시 증포동 148-1번지,,,37.2883233,127.4517635,,,,,,,,239996.202066926,420808.61763403,분뇨등관련영업관리,,,,,,,
이천시,고려환경건설(주),영업,20200730,"경기도 이천시 경충대로2684번길 3, 2층 (관고동)",경기도 이천시 관고동 502-12 2층 ,17367,0316340119,37.2778335306,127.4355790847,,,,,,,,238561.136666666    ,419628.246666667    ,분뇨등관련영업관리,,,,,,,
이천시,선영환경건설(주),폐업,20150604,경기도 이천시 중부대로 1235-1 (장록동),경기도 이천시 부발읍 가좌리 333-22번지,17329,031-635-7800,37.2622227,127.4583273,,20151118,,,,,"하수처리, 폐기물처리 및 청소관련 서비스업",240590.475641691,417913.923844742,분뇨등관련영업관리,"하수처리, 폐기물처리 및 청소관련 서비스업",,,,,,
이천시,선일환경에너지(주),폐업,20160610,"경기도 이천시 남천로 12, 3층 (중리동)",경기도 이천시 중리동 235-9번지 3층,17376,023521682,37.2778034,127.4386329,,20180321,,,,,,238834.38,419637.1,분뇨등관련영업관리,,,,,,,
파주시,청록엔지니어링(주),영업,20151228,,,,031-949-3223,,,,,,,,,사업시설 유지관리 서비스업,175353.627052256    ,474474.87399844     ,분뇨등관련영업관리,사업시설 유지관리 서비스업,,,,0,,0
파주시,청해ENV(주),영업,20160122,,,,031-946-3695,,,,,,,,,"하수, 폐수 및 분뇨 처리업",180645.332434837    ,472458.611225545    ,분뇨등관련영업관리,"하수, 폐수 및 분뇨 처리업",,,,0,,0
평택시,(주)환경에너지오앤엠,휴업,20190626,경기도 평택시 현덕면 현덕로 684,경기도 평택시 현덕면 신왕리 309 ,17970,031-686-7888,36.9360896547,126.9635536883,,,20201201,,,,,196688.436467562    ,381622.793221422    ,분뇨등관련영업관리,,,,,,,
포천시,(주)대진바이오워터,영업,20201124,"경기도 포천시 호국로 1007, 대진대학교산학협력단 304호 (선단동)",경기도 포천시 선단동 산 11-1 대진대학교 ,11159,,37.8738066990,127.1575578525,,,,,,,분뇨 및 축산분뇨 처리업,213662.177362742    ,485365.536453517    ,분뇨등관련영업관리,분뇨 및 축산분뇨 처리업,,,,,,
포천시,(주)대진바이오워터,영업,20220128,"경기도 포천시 호국로 ****, 대진대학교산학협력단 ***호 (선단동)",경기도 포천시 선단동 산 **-* 대진대학교 ,,,,,,,,,,,분뇨 및 축산분뇨 처리업,213662.177362742    ,485365.536453517    ,분뇨등관련영업관리,분뇨 및 축산분뇨 처리업,,,,0,,0
포천시,(주)지이환경,폐업,20030627,경기도 포천시 내촌면 금강로 2519-28,경기도 포천시 내촌면 내리 157-1번지 ,11189,,37.7975965,127.2400784,,20190625,,,,,,221081.207377256    ,477263.362895407    ,분뇨등관련영업관리,,,,,,,
포천시,(주)지이환경,폐업,20110620,경기도 포천시 내촌면 금강로 2519-28,경기도 포천시 내촌면 내리 157-1번지 ,11189,,37.7975965,127.2400784,,20190625,,,,,,221081.207377256    ,477263.362895407    ,분뇨등관련영업관리,,,,,,,
포천시,(주)지이환경,폐업,20030627,경기도 포천시 내촌면 금강로 2519-28,경기도 포천시 내촌면 내리 157-1 ,11189,,37.7974513173,127.2401018846,,19000101,,,,,,221081.207377256    ,477263.362895407    ,분뇨등관련영업관리,,,,,,,
포천시,대성환경,폐쇄,20011207,경기도 포천시 중앙로 31  (신읍동),경기도 포천시 신읍동 376-1 ,11149,0315347733,37.8906258874,127.1973421642,,,,,,,,217286.76069745     ,487572.937049565    ,분뇨등관련영업관리,,,,,,,
포천시,서일종합환경,폐업,20010219,경기도 포천시 군내면 포천로 1367-29,경기도 포천시 군내면 용정리 237-24번지,11154,,37.8810252,127.2105533,,11111111,,,,,,218458.628159791,486518.080896919,분뇨등관련영업관리,,,,,,,
하남시,(주)한국종합기술,영업,20210907,,,,02-2049-2521,,,,,,,,,축산분뇨 처리업,218281.159611217    ,449964.900329853    ,분뇨등관련영업관리,축산분뇨 처리업,,,,0,,0
화성시,(주)동명기술공단종합건축사사무소,영업,20150608,"경기도 화성시 노작로*길 * (반송동,*층)동 (반송동)",경기도 화성시 반송동 ***-* ,,8003-8432,,,,,,,,,,206815.716001795    ,410542.36823571     ,분뇨등관련영업관리,,,,,0,,0
화성시,비케이환경종합건설(주),폐업,20170104,경기도 화성시 향남읍 서봉로 651-5,경기도 화성시 향남읍 동오리 700-11번지,18589,0313666236,37.1341746664,126.9529263813,,20180124,,,,,,195769              ,403601              ,분뇨등관련영업관리,,,,,,,
화성시,주식회사 동진씨앤지,영업,20191026,"경기도 화성시 동탄순환대로 830, 동탄 SK V1 center 1103호 (영천동)",경기도 화성시 영천동 397 동탄 SK V1 center ,18468,031-377-2984,37.2099930246,127.0970742504,,,,,,,,208532.427048019    ,412025.235669734    ,분뇨등관련영업관리,,,,,,,
화성시,주흥환경(주),영업,20171227,"경기도 화성시 병점동로164번길 39, 광림빌딩 201호 (진안동)",경기도 화성시 진안동 859-1 광림빌딩 201호,18392,031-236-1215,37.2158139485,127.0395959008,,,,,,,,203443.683623945    ,412661.766212712    ,분뇨등관련영업관리,,,,,,,
화성시,한솔개발,영업,20190605,경기도 화성시 황계길131번길 13 (황계동),경기도 화성시 황계동 162-12 ,18347,0312243320,37.2238095252,127.0147939959,,,,,,,,201257.368745853    ,413540.559777116    ,분뇨등관련영업관리,,,,,,,
화성시,화성양돈영농조합,영업,20120214,경기도 화성시 장안면 고해길 **,경기도 화성시 장안면 독정리 **-* ,,351-9932,,,,,,,,,기타 비료 및 질소화합물 제조업,187954.212000695    ,396378.965229626    ,분뇨등관련영업관리,기타 비료 및 질소화합물 제조업,,,,0,,0
,시원산업개발(주),폐업,20131226,"서울특별시 은평구 통일로 856, 11층 11011호 (불광동, 메트로타워)",서울특별시 은평구 불광동 311-13번지 메트로타워 11층 11011호,03345,02-387-1888,37.6195520,126.9214190,,20180112,,,,,,192998.202204135,457479.99522553,분뇨등관련영업관리,,,,,,,

